{"Rendement Annuel": 1.09906787617619,
"Volatilite Annuelle": 0.04427079325967763,
"Ratio de Sharpe": -3.609808326515445,
"Skewness": 0.9234094592660941,
"Kurtosis": 10.37351565352118,
"Semi-Deviation": 0.009548205172359929,
"VaR Historique": -0.02038805996511345,
"Drawdown Maximal": -3.187857228514659,
"Volatilite a la Baisse": 0.19913312424995852,
"Ratio de Sortino": -0.8025238328989932,
"Ratio de Calmar": 0.0037046536093212346}